TimeStamp,X,Y,Theta,TransError,RotError,Rx,Ry,Rz,Rx_Deg,Ry_Deg,Rz_Deg
6.3567E+17,2.91892,0.134068,1.02199,0.00351589,2.85E-05,2.1196,1.19657,-2.59132,121.4441343,68.55841089,-148.4716994
6.3567E+17,2.91834,0.134542,1.0278,0.000567622,1.81E-06,2.11379,1.19539,-2.59557,121.1112458,68.49080187,-148.7152064
6.3567E+17,2.91895,0.133753,1.01993,0.000996754,5.14E-06,2.12167,1.19847,-2.5899,121.5627365,68.66727287,-148.3903394
6.3567E+17,2.91905,0.133622,1.0186,2.77E-05,1.43E-07,2.12299,1.19899,-2.58895,121.6383669,68.69706668,-148.3359084
6.3567E+17,2.91913,0.133523,1.01761,1.56E-05,8.04E-08,2.12398,1.19937,-2.58823,121.6950898,68.71883907,-148.2946554
6.3567E+17,2.91914,0.133507,1.01744,4.32E-07,2.23E-09,2.12415,1.19944,-2.58811,121.7048301,68.72284978,-148.2877799
6.3567E+17,2.91827,0.135667,1.03715,0.00545184,4.98E-05,2.10444,1.18788,-2.60283,120.5755302,68.06051057,-149.1311738
6.3567E+17,2.91871,0.134579,1.02734,0.00138859,1.26E-05,2.11425,1.1937,-2.59555,121.1376018,68.393972,-148.7140605
6.3567E+17,2.91904,0.133763,1.01982,0.000778946,7.09E-06,2.12177,1.19805,-2.58991,121.5684661,68.64320865,-148.3909123
6.3567E+17,2.91999,0.135483,1.02037,0.0040157,2.42E-05,2.12123,1.18905,-2.58645,121.5375264,68.12754663,-148.1926689
6.3567E+17,2.92069,0.136778,1.02082,0.0022653,1.36E-05,2.12077,1.1823,-2.58391,121.5111703,67.74080012,-148.0471376
6.3567E+17,2.91954,0.13431,1.01816,0.00771768,4.95E-05,2.12343,1.1952,-2.58697,121.6635771,68.47991567,-148.2224627
6.3567E+17,2.92014,0.135552,1.01934,0.00197973,1.26E-05,2.12225,1.1887,-2.58527,121.5959681,68.10749311,-148.1250599
6.3567E+17,2.92053,0.136381,1.02016,0.000875851,5.57E-06,2.12143,1.18437,-2.58417,121.5489855,67.85940238,-148.0620345
6.3567E+17,2.91814,0.136567,1.04025,0.00587212,1.44E-05,2.10134,1.18458,-2.60334,120.3979133,67.8714345,-149.1603946
6.3567E+17,2.91806,0.136477,1.04187,1.71E-05,2.00E-07,2.09972,1.18429,-2.60543,120.3050942,67.85481872,-149.2801428
6.3567E+17,2.91947,0.136822,1.03177,0.00218972,5.29E-06,2.10982,1.18212,-2.59471,120.8837815,67.73048688,-148.6659321
6.3567E+17,2.92056,0.137114,1.02367,0.00132665,3.36E-06,2.11792,1.18057,-2.58597,121.3478773,67.64167842,-148.1651669
6.3567E+17,2.92074,0.137163,1.02233,3.69E-05,9.33E-08,2.11927,1.18031,-2.58452,121.4252266,67.62678152,-148.0820881
6.3567E+17,2.91958,0.135604,1.01944,0.00379588,1.75E-05,2.12215,1.18784,-2.5853,121.5902385,68.05821874,-148.1267788
6.3567E+17,2.91863,0.134421,1.01777,0.00230836,1.01E-05,2.12382,1.19358,-2.58642,121.6859224,68.38709651,-148.19095
6.3567E+17,2.91839,0.134125,1.01735,0.000144403,6.33E-07,2.12424,1.19502,-2.5867,121.7099867,68.46960243,-148.2069929
6.3567E+17,2.91876,0.134649,1.01727,0.000451089,4.60E-06,2.12432,1.1908,-2.58586,121.7145703,68.22781424,-148.1588644
6.3567E+17,2.91901,0.13505,1.01725,0.000250668,2.66E-06,2.12435,1.18759,-2.58526,121.7162892,68.04389479,-148.1244869
6.3567E+17,2.91869,0.134569,1.01721,0.000365761,3.56E-06,2.12438,1.19129,-2.58597,121.7180081,68.25588918,-148.1651669
6.3567E+17,2.9185,0.134297,1.01721,0.000119096,1.15E-06,2.12438,1.1934,-2.58638,121.7180081,68.37678327,-148.1886582
6.3567E+17,2.91895,0.134959,1.01722,0.000703368,6.87E-06,2.12437,1.18825,-2.58538,121.7174351,68.08171001,-148.1313624
6.3567E+17,2.91903,0.135071,1.01723,1.93E-05,1.95E-07,2.12436,1.18738,-2.58522,121.7168622,68.03186268,-148.1221951
6.3567E+17,2.9191,0.135149,1.0172,1.21E-05,9.53E-08,2.12439,1.18678,-2.58509,121.718581,67.99748521,-148.1147467
6.3567E+17,2.92076,0.136477,1.01734,0.00454735,7.54E-06,2.12425,1.18281,-2.58142,121.7105596,67.77002097,-147.9044712
6.3567E+17,2.92104,0.136699,1.01737,0.000126127,2.09E-07,2.12422,1.18214,-2.58081,121.7088408,67.73163279,-147.8695207
6.3567E+17,2.92125,0.136865,1.01739,7.09E-05,1.18E-07,2.1242,1.18165,-2.58036,121.7076948,67.70355786,-147.8437376
6.3567E+17,2.92128,0.136893,1.01739,1.97E-06,3.29E-09,2.1242,1.18157,-2.58028,121.7076948,67.6989742,-147.839154
6.3567E+17,2.92131,0.136913,1.01739,1.11E-06,1.85E-09,2.1242,1.1815,-2.58022,121.7076948,67.69496349,-147.8357162
6.3567E+17,2.92379,0.136268,0.993977,0.00685148,1.99E-05,2.14762,1.18163,-2.55934,123.049562,67.70241195,-146.6393803
6.3567E+17,2.92381,0.135734,0.99293,0.000347719,4.22E-06,2.14866,1.18563,-2.55918,123.1091496,67.93159506,-146.630213
6.3567E+17,2.92326,0.136317,1.01144,0.00127534,1.28E-05,2.13015,1.18703,-2.57524,122.0486047,68.01180916,-147.5503832
6.3567E+17,2.93091,0.130406,0.926189,0.0935084,0.000281519,2.2154,1.19394,-2.50487,126.9330699,68.40772299,-143.5184792
6.3567E+17,2.93187,0.129522,0.920328,0.00192932,1.86E-06,2.22126,1.19239,-2.50001,127.2688232,68.31891453,-143.2400217
6.3567E+17,2.93258,0.128858,0.915961,0.00108371,1.05E-06,2.22563,1.19121,-2.4964,127.5192058,68.25130551,-143.033184
6.3567E+17,2.92367,0.1317,0.959294,0.0875107,0.000346456,2.1823,1.15879,-2.52888,125.0365796,66.39377634,-144.8941509
6.3567E+17,2.9203,0.131162,0.967081,0.0124684,1.00E-05,2.17451,1.15334,-2.53527,124.5902455,66.08151434,-145.2602709
6.3567E+17,2.90753,0.126949,0.959153,0.227113,9.41E-05,2.18244,1.17203,-2.53216,125.044601,67.15237246,-145.0820811
6.3567E+17,2.89339,0.128096,1.00735,0.268751,0.000100691,2.13425,1.16938,-2.56996,122.2835174,67.00053865,-147.2478615
6.3567E+17,2.88907,0.129623,1.03339,0.027291,4.35E-05,2.1082,1.1624,-2.58942,120.7909624,66.60061411,-148.3628374
6.3567E+17,2.88581,0.130756,1.05242,0.0153858,2.45E-05,2.08917,1.15703,-2.6035,119.7006237,66.29293577,-149.169562
6.3567E+17,2.84537,0.127405,1.00499,1.65894,0.000144796,2.1366,1.14346,-2.56471,122.4181625,65.51543204,-146.9470587
6.3567E+17,2.82541,0.125638,0.980712,0.405501,3.83E-05,2.16088,1.13682,-2.54517,123.809304,65.13498807,-145.8274991
6.3567E+17,2.80322,0.116333,0.941447,0.642414,0.000211542,2.20015,1.15757,-2.52185,126.0593093,66.32387549,-144.4913616
6.3567E+17,2.79398,0.110032,0.919319,0.169975,0.000117271,2.22227,1.17556,-2.50985,127.3266919,67.35462656,-143.8038122
6.3567E+17,2.75921,0.108296,0.948288,1.24353,8.84E-05,2.1933,1.16224,-2.52958,125.6668332,66.59144678,-144.9342579
6.3567E+17,2.7331,0.106987,0.969014,0.701308,4.97E-05,2.17258,1.15211,-2.54337,124.4796647,66.01104053,-145.7243667
6.3567E+17,2.69806,0.10466,1.01111,1.2506,0.000270403,2.13048,1.12456,-2.585,122.0675123,64.43254181,-148.10959
6.3567E+17,2.68645,0.102701,1.03241,0.161566,2.46E-05,2.10919,1.1211,-2.60542,120.8476852,64.23429841,-149.2795699
6.3567E+17,2.65926,0.100356,1.03247,0.78739,1.54E-05,2.10912,1.12814,-2.60201,120.8436745,64.6376607,-149.0841913
6.3567E+17,2.62258,0.0953706,0.965852,1.48117,0.000668857,2.17574,1.17195,-2.53702,124.6607193,67.1477888,-145.3605385
6.3567E+17,2.60102,0.0924648,0.931859,0.478156,5.23E-05,2.20973,1.17809,-2.5057,126.6082029,67.49958489,-143.5660347
6.3567E+17,2.58484,0.0902672,0.905716,0.269315,2.94E-05,2.23588,1.18242,-2.48155,128.1064875,67.74767561,-142.1823417
6.3567E+17,2.54457,0.0861524,0.928504,1.67823,0.000104482,2.21309,1.16451,-2.49812,126.8007167,66.7215082,-143.1317327
6.3567E+17,2.5352,0.0843421,0.944642,0.110003,1.09E-05,2.19695,1.16339,-2.5117,125.8759628,66.65733693,-143.9098094
6.3567E+17,2.51289,0.0779233,0.97698,0.601705,9.01E-05,2.16461,1.15069,-2.5468,124.0230173,65.92968053,-145.9208913
6.3567E+17,2.49006,0.0732472,0.985421,0.546885,2.38E-05,2.15617,1.14163,-2.55542,123.5394409,65.41058077,-146.4147809
6.3567E+17,2.47388,0.0641526,0.973618,0.373122,1.95E-05,2.16797,1.1418,-2.55204,124.2155311,65.42032105,-146.2211211
6.3567E+17,2.47118,0.0626366,0.97165,0.0103652,5.43E-07,2.16994,1.14183,-2.55147,124.3284038,65.42203992,-146.1884626
6.3567E+17,2.44066,0.0538226,0.968216,1.02827,2.01E-05,2.17338,1.15058,-2.5469,124.5255013,65.92337799,-145.9266208
6.3567E+17,2.43451,0.0517122,0.972398,0.0456943,3.38E-06,2.16919,1.15378,-2.55012,124.285432,66.10672449,-146.1111133
6.3567E+17,2.41628,0.0469132,0.990247,0.387792,1.47E-05,2.15135,1.15266,-2.5642,123.2632753,66.04255321,-146.9178378
6.3567E+17,2.4087,0.0450386,0.998048,0.0666484,3.23E-06,2.14354,1.15127,-2.57037,122.8157952,65.96291208,-147.2713528
6.3567E+17,2.39199,0.0410631,0.90732,0.311534,0.000553475,2.23427,1.18145,-2.48138,128.0142413,67.69209871,-142.1726014
6.3567E+17,2.37199,0.0453868,0.76589,0.641248,0.00235583,2.3757,1.26328,-2.32754,136.1175834,72.38061234,-133.3582186
6.3567E+17,2.35941,0.0476657,0.525613,0.173303,0.00206295,2.61598,1.32606,-2.08648,149.8846133,75.97764138,-119.546498
6.3567E+17,2.3441,0.0532145,0.235409,0.284948,0.00136619,2.90618,1.35922,-1.79324,166.5118485,77.87756943,-102.7450837
6.3567E+17,2.33963,0.0553757,0.169866,0.0266442,5.12E-05,2.97173,1.36249,-1.72637,170.2675869,78.06492663,-98.91371488
6.3567E+17,2.32282,0.0612463,0.00569216,0.317386,0.000399888,3.1359,1.35422,-1.54754,179.673835,77.59109053,-88.66751063
6.3567E+17,2.32282,0.0612463,0.00569216,0,0,3.1359,1.35422,-1.54754,179.673835,77.59109053,-88.66751063
6.3567E+17,2.32282,0.0612463,0.00569216,0,0,3.1359,1.35422,-1.54754,179.673835,77.59109053,-88.66751063
6.3567E+17,2.32282,0.0612463,0.00569216,0,0,3.1359,1.35422,-1.54754,179.673835,77.59109053,-88.66751063
6.3567E+17,2.31394,0.0628872,6.27414,0.092758,3.99998,-3.13254,1.34894,-1.52712,-179.4813212,77.28856882,-87.49753081
6.3567E+17,2.30728,0.0641129,6.26362,0.0521937,1.05E-05,-3.12203,1.34494,-1.51235,-178.8791425,77.0593857,-86.65127215
6.3567E+17,2.30728,0.0641129,6.26362,0,0,-3.12203,1.34494,-1.51235,-178.8791425,77.0593857,-86.65127215
6.3567E+17,2.29082,0.0646897,5.74632,0.424622,0.00393291,-2.60472,1.31837,-0.989734,-149.2394628,75.53703684,-56.70758104
6.3567E+17,2.27845,0.0631939,5.63838,0.157776,0.000336551,-2.49678,1.29499,-0.882657,-143.0549564,74.19746151,-50.57252086
6.3567E+17,2.26913,0.0620505,5.56909,0.0894866,0.000189313,-2.4275,1.27569,-0.81402,-139.0855048,73.09165297,-46.63991044
6.3567E+17,2.2668,0.0617619,5.55317,0.00561793,1.18E-05,-2.41157,1.27067,-0.798261,-138.172783,72.80402815,-45.73698625
6.3567E+17,2.25507,0.0613797,5.48543,0.138113,0.000259767,-2.34384,1.2466,-0.72854,-134.2921399,71.42491874,-41.74226721
6.3567E+17,2.24307,0.0729411,5.20081,0.285508,0.0124447,-2.05921,1.06047,-0.416023,-117.9840421,60.7604553,-23.83636208
6.3567E+17,2.23851,0.0815185,5.10724,0.0999156,0.00603183,-1.96564,0.918242,-0.301439,-112.622876,52.61139117,-17.27118248
6.3567E+17,2.23775,0.0829277,5.09585,0.00271766,0.000167633,-1.95426,0.894054,-0.286462,-111.9708501,51.22552086,-16.41306359
6.3567E+17,2.23307,0.0833464,5.08651,0.0308141,0.000235123,-1.94492,0.864309,-0.274762,-111.4357075,49.5212579,-15.74270297
6.3567E+17,2.23072,0.0835455,5.08216,0.00774293,5.88E-05,-1.94056,0.849412,-0.269219,-111.1858979,48.66772267,-15.42511246
6.3567E+17,2.23072,0.0835455,5.08216,0,0,-1.94056,0.849412,-0.269219,-111.1858979,48.66772267,-15.42511246
6.3567E+17,2.23072,0.0835455,5.08216,0,0,-1.94056,0.849412,-0.269219,-111.1858979,48.66772267,-15.42511246
6.3567E+17,2.2254,0.081415,5.06783,0.0375378,0.000140084,-1.92624,0.828218,-0.26298,-110.3654223,47.45339592,-15.0676441
6.3567E+17,2.21913,0.0872247,5.05802,0.0742156,0.000313954,-1.91643,0.794032,-0.249421,-109.8033507,45.4946824,-14.29077062
6.3567E+17,2.21913,0.0872247,5.05802,0,0,-1.91643,0.794032,-0.249421,-109.8033507,45.4946824,-14.29077062
6.3567E+17,2.21913,0.0872247,5.05802,0,0,-1.91643,0.794032,-0.249421,-109.8033507,45.4946824,-14.29077062
6.3567E+17,2.21913,0.0872247,5.05802,0,0,-1.91643,0.794032,-0.249421,-109.8033507,45.4946824,-14.29077062
6.3567E+17,2.21913,0.0872247,5.05802,0,0,-1.91643,0.794032,-0.249421,-109.8033507,45.4946824,-14.29077062
6.3567E+17,2.21913,0.0872247,5.05802,0,0,-1.91643,0.794032,-0.249421,-109.8033507,45.4946824,-14.29077062
6.3567E+17,2.21913,0.0872247,5.05802,0,0,-1.91643,0.794032,-0.249421,-109.8033507,45.4946824,-14.29077062
6.3567E+17,2.21913,0.0872247,5.05802,0,0,-1.91643,0.794032,-0.249421,-109.8033507,45.4946824,-14.29077062
6.3567E+17,2.21913,0.0872247,5.05802,0,0,-1.91643,0.794032,-0.249421,-109.8033507,45.4946824,-14.29077062
6.3567E+17,2.21913,0.0872247,5.05802,0,0,-1.91643,0.794032,-0.249421,-109.8033507,45.4946824,-14.29077062
6.3567E+17,2.21913,0.0872247,5.05802,0,0,-1.91643,0.794032,-0.249421,-109.8033507,45.4946824,-14.29077062
6.3567E+17,2.21913,0.0872247,5.05802,0,0,-1.91643,0.794032,-0.249421,-109.8033507,45.4946824,-14.29077062
6.3567E+17,2.21913,0.0872247,5.05802,0,0,-1.91643,0.794032,-0.249421,-109.8033507,45.4946824,-14.29077062
6.3567E+17,2.21913,0.0872247,5.05802,0,0,-1.91643,0.794032,-0.249421,-109.8033507,45.4946824,-14.29077062
6.3567E+17,2.21913,0.0872247,5.05802,0,0,-1.91643,0.794032,-0.249421,-109.8033507,45.4946824,-14.29077062
6.3567E+17,2.21913,0.0872247,5.05802,0,0,-1.91643,0.794032,-0.249421,-109.8033507,45.4946824,-14.29077062
6.3567E+17,2.21913,0.0872247,5.05802,0,0,-1.91643,0.794032,-0.249421,-109.8033507,45.4946824,-14.29077062
6.3567E+17,2.21913,0.0872247,5.05802,0,0,-1.91643,0.794032,-0.249421,-109.8033507,45.4946824,-14.29077062
6.3567E+17,2.21913,0.0872247,5.05802,0,0,-1.91643,0.794032,-0.249421,-109.8033507,45.4946824,-14.29077062
6.3567E+17,2.21913,0.0872247,5.05802,0,0,-1.91643,0.794032,-0.249421,-109.8033507,45.4946824,-14.29077062
6.3567E+17,2.21913,0.0872247,5.05802,0,0,-1.91643,0.794032,-0.249421,-109.8033507,45.4946824,-14.29077062
6.3567E+17,2.21913,0.0872247,5.05802,0,0,-1.91643,0.794032,-0.249421,-109.8033507,45.4946824,-14.29077062
6.3567E+17,2.20412,0.0927981,5.04048,0.261504,0.000284144,-1.89889,0.762719,-0.236684,-108.7983828,43.70057965,-13.56099428
6.3567E+17,2.1966,0.0956022,5.03211,0.0658951,7.10E-05,-1.89052,0.747005,-0.230738,-108.3188171,42.80023378,-13.22031357
6.3567E+17,2.18136,0.0981658,5.03688,0.241645,3.13E-05,-1.89529,0.736412,-0.233056,-108.592118,42.19329958,-13.35312519
6.3567E+17,2.16669,0.11285,5.03575,0.453603,0.000298044,-1.89416,0.704319,-0.219599,-108.5273737,40.35450613,-12.58209589
6.3567E+17,2.1429,0.129067,5.03608,0.856285,9.03E-05,-1.89449,0.687402,-0.211152,-108.5462813,39.38523343,-12.09811844
6.3567E+17,2.13696,0.133118,5.03619,0.053447,5.64E-06,-1.8946,0.683173,-0.209058,-108.5525839,39.14292958,-11.97814107
6.3567E+17,2.13597,0.133793,5.03621,0.00148418,1.57E-07,-1.89461,0.682469,-0.208709,-108.5531568,39.10259335,-11.95814485
6.3567E+17,2.13547,0.134131,5.03622,0.000371021,3.92E-08,-1.89462,0.682116,-0.208535,-108.5537298,39.08236794,-11.94817538
6.3567E+17,2.13523,0.134299,5.03622,9.28E-05,9.79E-09,-1.89463,0.68194,-0.208448,-108.5543027,39.07228388,-11.94319065
6.3567E+17,1.97537,0.274733,5.007,45.8451,0.00169374,-1.86541,0.613231,-0.15191,-106.8801201,35.13554817,-8.703801866
6.3567E+17,1.93548,0.309876,5.00065,2.8618,0.000105874,-1.85906,0.595861,-0.13858,-106.5162919,34.14032048,-7.940049125
6.3567E+17,1.92551,0.318664,4.99912,0.178803,6.62E-06,-1.85752,0.591508,-0.135292,-106.4280564,33.89091195,-7.751660602
6.3567E+17,1.92385,0.320129,4.99886,0.00496636,1.84E-07,-1.85727,0.590782,-0.134746,-106.4137324,33.84931521,-7.720377106
6.3567E+17,1.90055,0.336312,5.01204,0.859359,0.000511674,-1.87045,0.626935,-0.167245,-107.1688908,35.92072953,-9.582432645
6.3567E+17,1.88935,0.349338,5.01736,0.390971,0.000407742,-1.87577,0.658625,-0.195107,-107.4737043,37.73643278,-11.17880765
6.3567E+17,1.87692,0.369537,5.04064,0.702341,0.00047458,-1.89904,0.688839,-0.23522,-108.8069771,39.46756746,-13.47711326
6.3567E+17,1.87743,0.389144,5.04492,0.524162,9.83E-05,-1.90333,0.708394,-0.237711,-109.052776,40.58798643,-13.61983704
6.3567E+17,1.83561,0.413843,5.04595,2.36082,3.34E-05,-1.90435,0.718487,-0.232806,-109.1112177,41.16627274,-13.33880125
6.3567E+17,1.82864,0.417959,5.04611,0.0656085,9.27E-07,-1.90452,0.720169,-0.231985,-109.120958,41.26264424,-13.29176141
6.3567E+17,1.81183,0.440989,5.0324,0.812852,0.000470405,-1.89081,0.682268,-0.204819,-108.3354329,39.0910769,-11.73526426
6.3567E+17,1.8052,0.451483,5.02615,0.15407,0.000120655,-1.88456,0.662796,-0.192005,-107.9773342,37.97541348,-11.00107615
6.3567E+17,1.93593,0.536294,5.53845,27.3432,0.0591896,-2.39686,0.543952,-0.267549,-137.3299621,31.16615386,-15.32942851
6.3567E+17,1.9892,0.569094,5.77916,6.29576,0.0147441,-2.63757,0.480376,-0.280611,-151.1216292,27.52351738,-16.07782598
6.3567E+17,2.02085,0.589587,5.95413,3.30976,0.00829801,-2.81254,0.43191,-0.27896,-161.1466717,24.74662013,-15.98323065
6.3567E+17,2.02536,0.592627,5.98292,0.0887319,0.000230654,-2.84133,0.423889,-0.277785,-162.7962172,24.28705068,-15.91590811
6.3567E+17,1.88903,0.53304,5.2417,44.7854,0.124757,-2.1001,0.494549,-0.190833,-120.3268666,28.33557046,-10.93392549
6.3567E+17,1.85754,0.521389,5.11543,1.31421,0.00350111,-1.97384,0.499874,-0.171406,-113.0927014,28.64067049,-9.820840383
6.3567E+17,1.83018,0.516417,5.02148,0.829137,0.00188287,-1.87988,0.504098,-0.153246,-107.70919,28.88268786,-8.780349027
6.3567E+17,1.93867,0.568669,5.51679,18.7142,0.054349,-2.37519,0.465066,-0.226216,-136.0883625,26.646319,-12.96122206
6.3567E+17,1.87739,0.551345,5.25085,5.84451,0.0156668,-2.10925,0.485526,-0.184687,-120.8511229,27.81859064,-10.58178563
6.3567E+17,1.82551,0.537633,5.04938,3.31722,0.00881757,-1.90779,0.494049,-0.15009,-109.3083152,28.30692257,-8.599523547
6.3567E+17,1.81562,0.544327,5.01557,0.156441,0.000264327,-1.87398,0.482352,-0.139618,-107.3711449,27.63673384,-7.999522144
6.3567E+17,1.80421,0.552387,4.98843,0.199275,0.00015856,-1.84684,0.47548,-0.129733,-105.8161374,27.24299724,-7.433153364
6.3567E+17,1.80116,0.55852,4.9835,0.047455,2.20E-05,-1.84191,0.46719,-0.12732,-105.5336692,26.76801523,-7.294898648
6.3567E+17,1.79747,0.568326,4.97857,0.110573,2.60E-05,-1.83698,0.458106,-0.123635,-105.251201,26.24754037,-7.0837637
6.3567E+17,1.79597,0.574207,4.97913,0.0368876,1.50E-05,-1.83754,0.45049,-0.122565,-105.2832867,25.81117571,-7.022457216
6.3567E+17,1.79477,0.582753,4.97864,0.0759938,5.58E-06,-1.83705,0.446037,-0.123869,-105.2552118,25.55603761,-7.097170913
6.3567E+17,1.7903,0.595163,4.97707,0.176133,8.81E-06,-1.83548,0.451784,-0.123641,-105.1652574,25.88531645,-7.084107475
6.3567E+17,1.7836,0.608687,4.9812,0.228467,3.40E-05,-1.83961,0.462808,-0.12469,-105.401889,26.51694512,-7.144210747
6.3567E+17,1.78221,0.612555,4.98261,0.017031,8.69E-07,-1.84102,0.464169,-0.125144,-105.482676,26.59492468,-7.170223031
6.3567E+17,1.77713,0.624464,4.98115,0.168312,1.25E-05,-1.83955,0.470149,-0.12803,-105.3984512,26.93755344,-7.335578651
6.3567E+17,1.77444,0.630375,4.98029,0.0422803,3.06E-06,-1.8387,0.473516,-0.128222,-105.3497498,27.13046833,-7.346579441
6.3567E+17,1.77237,0.64174,4.97992,0.135083,1.18E-05,-1.83832,0.480215,-0.129535,-105.3279774,27.51429276,-7.421808799
6.3567E+17,1.77205,0.655813,4.98261,0.199848,2.03E-05,-1.84102,0.488791,-0.132164,-105.482676,28.00566136,-7.572439404
6.3567E+17,1.77214,0.662442,4.98351,0.0447041,1.00E-06,-1.84192,0.490462,-0.133358,-105.5342422,28.10140261,-7.640850564
6.3567E+17,1.76816,0.676715,4.98189,0.219698,8.06E-06,-1.8403,0.49498,-0.135723,-105.441423,28.36026494,-7.776355083
6.3567E+17,1.76973,0.689784,4.98136,0.17582,5.87E-06,-1.83977,0.499281,-0.133287,-105.4110563,28.60669409,-7.636782564
6.3567E+17,1.77064,0.698119,4.97999,0.0718178,7.75E-06,-1.8384,0.503378,-0.1362,-105.3325611,28.8414349,-7.80368517
6.3567E+17,1.76956,0.702093,4.98117,0.0172168,3.71E-06,-1.83958,0.504816,-0.140192,-105.4001701,28.92382623,-8.032409921
6.3567E+17,1.76805,0.709808,4.98014,0.0618117,4.12E-06,-1.83855,0.508509,-0.138274,-105.3411554,29.13541954,-7.922516616
6.3567E+17,1.76885,0.714966,4.97967,0.027719,3.86E-06,-1.83808,0.512078,-0.139634,-105.3142264,29.33990818,-8.000438877
6.3567E+17,1.76737,0.723288,4.97657,0.0714535,1.62E-05,-1.83497,0.519358,-0.136013,-105.1360365,29.75702146,-7.792970859
6.3567E+17,1.76712,0.724675,4.97604,0.00198336,4.49E-07,-1.83445,0.52057,-0.135405,-105.1062427,29.82646394,-7.758135025
6.3567E+17,1.7625,0.734681,4.98419,0.126217,0.000400695,-1.8426,0.559465,-0.146015,-105.5732033,32.05498329,-8.366043246
6.3567E+17,1.75595,0.739936,4.99091,0.0728361,0.000377662,-1.84931,0.596209,-0.161041,-105.957658,34.16025941,-9.226969629
6.3567E+17,1.86972,0.802785,5.53198,20.7334,0.0604433,-2.39039,0.570027,-0.262736,-136.9592584,32.66014131,-15.05366393
6.3567E+17,1.92647,0.843003,5.92503,11.776,0.0340748,-2.78343,0.523633,-0.319182,-159.4787916,30.00196091,-18.2877815
6.3567E+17,1.85746,0.802575,5.51729,14.8706,0.0398216,-2.3757,0.609968,-0.285087,-136.1175834,34.94859204,-16.33428189
6.3567E+17,1.80502,0.773207,5.26819,4.95687,0.0132717,-2.12659,0.648865,-0.243797,-121.8446318,37.17722597,-13.96853916
6.3567E+17,1.76133,0.749632,5.07565,2.79362,0.00746892,-1.93406,0.671866,-0.204743,-110.8134753,38.4950862,-11.73090978
6.3567E+17,1.85913,0.801052,5.59869,15.629,0.0492527,-2.4571,0.634623,-0.366633,-140.7814598,36.36121948,-21.00652353
6.3567E+17,1.80125,0.774512,5.35018,6.13056,0.0159832,-2.20858,0.740572,-0.3353,-126.5423127,42.43165003,-19.21127487
6.3567E+17,1.7536,0.750506,5.14369,3.39782,0.00899583,-2.0021,0.813971,-0.285291,-114.7118802,46.63710295,-16.34597023
6.3567E+17,1.74544,0.746229,5.10723,0.0936659,0.000250066,-1.96564,0.825404,-0.274463,-112.622876,47.29216559,-15.72557153
6.3567E+17,1.73929,0.742977,5.07947,0.0525422,0.000140662,-1.93788,0.833797,-0.265851,-111.0323452,47.77304907,-15.23214028
6.3567E+17,1.73826,0.742432,5.07481,0.0014575,3.91E-06,-1.93321,0.83518,-0.264375,-110.7647739,47.85228913,-15.14757171
6.3567E+17,1.73696,0.742912,5.09746,0.0226148,0.00067099,-1.95587,0.88407,-0.290228,-112.0630963,50.65347979,-16.6288395
6.3567E+17,1.73674,0.742992,5.10157,0.000632102,1.86E-05,-1.95997,0.89218,-0.294859,-112.298009,51.11814857,-16.89417625
6.3567E+17,1.7369,0.742487,5.10204,0.00142296,7.99E-06,-1.96044,0.896893,-0.298336,-112.324938,51.38818357,-17.09339368
6.3567E+17,1.73881,0.742699,5.10764,0.00411591,3.97E-06,-1.96605,0.89871,-0.303333,-112.6463673,51.49229001,-17.37970069
6.3567E+17,1.73914,0.742581,5.10883,0.000122502,2.43E-07,-1.96724,0.898138,-0.304569,-112.7145493,51.45951682,-17.45051827
6.3567E+17,1.73937,0.742646,5.10947,7.00E-05,8.89E-08,-1.96788,0.898581,-0.305096,-112.7512186,51.48489885,-17.48071315
6.3567E+17,1.73877,0.742665,5.10513,0.000451281,1.83E-06,-1.96354,0.898519,-0.301568,-112.5025549,51.48134651,-17.27857364
6.3567E+17,1.73862,0.74267,5.10405,2.82E-05,1.14E-07,-1.96246,0.898502,-0.300687,-112.4406755,51.48037248,-17.22809605
6.3567E+17,1.7386,0.742671,5.10387,7.83E-07,3.18E-09,-1.96227,0.898499,-0.30054,-112.4297893,51.4802006,-17.21967357
6.3567E+17,1.73858,0.742672,5.10373,4.40E-07,1.78E-09,-1.96214,0.898497,-0.30043,-112.4223408,51.48008601,-17.21337104
6.3567E+17,1.73858,0.742672,5.10371,1.22E-08,5.03E-11,-1.96212,0.898496,-0.300411,-112.4211949,51.48002871,-17.21228242
6.3567E+17,1.73857,0.742672,5.10369,6.88E-09,2.77E-11,-1.9621,0.898496,-0.300397,-112.420049,51.48002871,-17.21148028
6.3567E+17,1.73857,0.742672,5.10369,1.91E-10,8.46E-13,-1.9621,0.898496,-0.300395,-112.420049,51.48002871,-17.21136569
6.3567E+17,1.73857,0.742672,5.10369,1.07E-10,3.99E-13,-1.9621,0.898496,-0.300393,-112.420049,51.48002871,-17.2112511
6.3567E+17,1.73857,0.742672,5.10369,2.99E-12,1.07E-14,-1.96209,0.898496,-0.300393,-112.419476,51.48002871,-17.2112511
6.3567E+17,1.73866,0.742531,5.10536,6.41E-05,2.84E-07,-1.96377,0.89838,-0.301883,-112.5157329,51.4733824,-17.29662181
6.3567E+17,1.73849,0.742383,5.10468,4.97E-05,1.67E-07,-1.96309,0.897692,-0.301473,-112.4767718,51.4339629,-17.27313054
6.3567E+17,1.73836,0.742375,5.10678,7.42E-05,1.04E-06,-1.96519,0.89926,-0.303109,-112.5970929,51.52380268,-17.36686643
6.3567E+17,1.73807,0.742075,5.10916,0.00027729,1.29E-06,-1.96757,0.900796,-0.305746,-112.7334569,51.611809,-17.5179554
6.3567E+17,1.73793,0.741909,5.10974,5.65E-05,9.41E-08,-1.96815,0.901087,-0.306603,-112.7666884,51.62848207,-17.56705789
6.3567E+17,1.73759,0.741946,5.10994,0.000146357,2.01E-07,-1.96835,0.901791,-0.306222,-112.7781476,51.6688183,-17.54522819
6.3567E+17,1.73678,0.741697,5.1087,0.000782755,2.54E-07,-1.96711,0.901323,-0.304798,-112.7071008,51.64200388,-17.463639
6.3567E+17,1.73657,0.741614,5.10849,5.45E-05,2.76E-08,-1.96689,0.901053,-0.304488,-112.6944958,51.62653402,-17.44587731
6.3567E+17,1.73588,0.741721,5.10762,0.000503867,1.78E-06,-1.96603,0.903658,-0.303556,-112.6452214,51.77578952,-17.39247765
6.3567E+17,1.73582,0.74166,5.10776,1.93E-05,2.17E-07,-1.96617,0.902736,-0.303551,-112.6532428,51.72296281,-17.39219117
6.3567E+17,1.73581,0.74165,5.10778,5.36E-07,6.04E-09,-1.96619,0.902582,-0.30355,-112.6543887,51.71413926,-17.39213387
6.3567E+17,1.7358,0.741642,5.1078,3.02E-07,3.41E-09,-1.96621,0.902467,-0.303549,-112.6555346,51.70755025,-17.39207658
6.3567E+17,1.73525,0.741198,5.10754,0.0005446,1.14E-07,-1.96595,0.902391,-0.303998,-112.6406377,51.70319577,-17.41780238
6.3567E+17,1.73538,0.741385,5.108,4.96E-05,7.78E-08,-1.96641,0.902621,-0.303936,-112.6669938,51.7163738,-17.41425004
6.3567E+17,1.73541,0.741432,5.10811,3.10E-06,4.84E-09,-1.96652,0.902678,-0.303921,-112.6732963,51.71963966,-17.41339061
